comentario,comentario_limpio,Sentimiento
"""Pedidos Ya""

Porque un usuario pidió 30 Fernets y 30 Pepsi Black y el repartidor se le plantó: ""Estoy en bici, no soy un flete"".","""pedidos ya""

porque un usuario pidió 30 fernets y 30 pepsi black y el repartidor se le plantó: ""estoy en bici, no soy un flete"".",Negativo
El que pide se olvidó que el delivery es un veneco o un libertario desnutrido.,el que pide se olvidó que el delivery es un veneco o un libertario desnutrido.,Neutro
El repartidor acepta el encargo o la app se lo asigna automaticamente ¿?,el repartidor acepta el encargo o la app se lo asigna automaticamente ¿?,Neutro
"Tiene que ser falso, sino la gente de pedidos ya es retrasada, aunque esté en moto es imposible que lleve más de 6 botellas","tiene que ser falso, sino la gente de pedidos ya es retrasada, aunque esté en moto es imposible que lleve más de 6 botellas",Negativo
Como vas a pedir Fernet con Pepsi existiendo este amor unico? Porteño debe ser,como vas a pedir fernet con pepsi existiendo este amor unico? porteño debe ser,Positivo
"El repartidor voto a Milei, que trabaje para sacar este país adelante","el repartidor voto a milei, que trabaje para sacar este país adelante",Neutro
"que empatía tiene el muchacho che, se merece un par de bifes","que empatía tiene el muchacho che, se merece un par de bifes",Neutro
"El problema no es el repartidor, le estan pidiendo algo físicamente muy complicado 
Ni tampoco del que lo pidio, el pidio algo que segun la app esta bien 
El problema es pedidos ya que no filtra los pedidos o no pone un limite de productos","el problema no es el repartidor, le estan pidiendo algo físicamente muy complicado 
ni tampoco del que lo pidio, el pidio algo que segun la app esta bien 
el problema es pedidos ya que no filtra los pedidos o no pone un limite de productos",Neutro
"No quiere trabajar y, para colmo, pide que lo inviten. Por Dios. Le haces el pedido a un chino y corriendo te lo llevan para ganarse el mango con el envío.","no quiere trabajar y, para colmo, pide que lo inviten. por dios. le haces el pedido a un chino y corriendo te lo llevan para ganarse el mango con el envío.",Neutro
"Más allá de que me parece una aberración tomar fernet con pepsi, en este caso el que estuvo mal fue el rider, que tomó un pedido que no podía cumplir.","más allá de que me parece una aberración tomar fernet con pepsi, en este caso el que estuvo mal fue el rider, que tomó un pedido que no podía cumplir.",Neutro
"El problema no es que pidió 60 botellas, el problema es que toma fernet con Pepsi","el problema no es que pidió 60 botellas, el problema es que toma fernet con pepsi",Neutro
"""Invita por lo menos""","""invita por lo menos""",Neutro
"El problema es q la app te deje hacer el pedido y esta no se lo ofrezca a alguien q ande en auto, como se lo va a ofrecer a un pibe q va en bici, segun tengo entendido la app pide q ingreses el vehículo en el q te manejas. No es ni culpa del cliente ni del repartidor por agarrar.","el problema es q la app te deje hacer el pedido y esta no se lo ofrezca a alguien q ande en auto, como se lo va a ofrecer a un pibe q va en bici, segun tengo entendido la app pide q ingreses el vehículo en el q te manejas. no es ni culpa del cliente ni del repartidor por agarrar.",Neutro
Si el no puede llevar que lo deje al pedido a alguien que esta en moto,si el no puede llevar que lo deje al pedido a alguien que esta en moto,Neutro
"Como la ve el Javo, toma Pepsi Black con Fernet y te saca el país adelante.","como la ve el javo, toma pepsi black con fernet y te saca el país adelante.",Negativo
¿Bancan que la Pepsi Black con fernet es de chad?,¿bancan que la pepsi black con fernet es de chad?,Negativo
"Y bueno, libertario que hace delivery: labura. ¿No te gusta la aplicación que tanto defendes? Desarrolla tu propia app y labura por aparte.
Ahora traeme el fernet, negro de mierda, que estamos con sed","y bueno, libertario que hace delivery: labura. ¿no te gusta la aplicación que tanto defendes? desarrolla tu propia app y labura por aparte.
ahora traeme el fernet, negro de mierda, que estamos con sed",Negativo
Tienen q tener un límite de peso y mandar una moto y listo,tienen q tener un límite de peso y mandar una moto y listo,Neutro
Pero cuando agarran el pedido no se ve lo que se está pidiendo??? O te salta cuando aceptas?,pero cuando agarran el pedido no se ve lo que se está pidiendo??? o te salta cuando aceptas?,Neutro
"Que pedazo de culiau!! como mierda vas a tomar fernet con pepsi!! peor aun es la pepsi black, preso por culiadaso tiene que ir el tipo ese","que pedazo de culiau!! como mierda vas a tomar fernet con pepsi!! peor aun es la pepsi black, preso por culiadaso tiene que ir el tipo ese",Negativo
Pregunto xq no uso esa app . Pero el cadete ni puede simplemente rechazar el pedido ?,pregunto xq no uso esa app . pero el cadete ni puede simplemente rechazar el pedido ?,Neutro
"tenes 2 opciones . O no aceptas el pedido , o lo cancelas y seguis trabajando sin llorar , esta lleno de pelotudos que piden cantidades exageradas de bebidas pero mas pelotudo es el que lo lleva . Y ni te digo el que lo acepta y depsues llora .","tenes 2 opciones . o no aceptas el pedido , o lo cancelas y seguis trabajando sin llorar , esta lleno de pelotudos que piden cantidades exageradas de bebidas pero mas pelotudo es el que lo lleva . y ni te digo el que lo acepta y depsues llora .",Negativo
dónde podemos encontrar a este hermosos chad?,dónde podemos encontrar a este hermosos chad?,Neutro
"Como repartidor hay una opción que es dividir el pedido si es muy grande, y ni hay ninguna penalización ni nada","como repartidor hay una opción que es dividir el pedido si es muy grande, y ni hay ninguna penalización ni nada",Positivo
"En todo caso, si la APP permite un pedido de ese tamaño deberia derivarla a dos o tres repartidores o a uno solo que tenga auto, el cliente solo hizo uso de una funcion que brinda la aplicacion.","en todo caso, si la app permite un pedido de ese tamaño deberia derivarla a dos o tres repartidores o a uno solo que tenga auto, el cliente solo hizo uso de una funcion que brinda la aplicacion.",Neutro
"“invitá por lo menos”

el cliente: Dale

El delivery:","“invitá por lo menos”

el cliente: dale

el delivery:",Neutro
"Lo banco a Franco, al menos pidió Pepsi para no arruinar una Coca-Cola con ese jugo de cucarachas intomable que es el fernet.","lo banco a franco, al menos pidió pepsi para no arruinar una coca-cola con ese jugo de cucarachas intomable que es el fernet.",Neutro
"Es problema es la App mi rey, ese es el problema.","es problema es la app mi rey, ese es el problema.",Neutro
Aparte que problema mental tiene para pedir PEPSI con fernet,aparte que problema mental tiene para pedir pepsi con fernet,Negativo
se puede mezclar fernet con pepsi? pensé que era solo con coca,se puede mezclar fernet con pepsi? pensé que era solo con coca,Neutro
COMO VAS A TOMAR EL FERNET CON PEPSI NO SEAS HIJO DE PUTA,como vas a tomar el fernet con pepsi no seas hijo de puta,Neutro
"Siempre el mismo drama, vos podés pedir 30 bolsas de cemento, si te deja la app cual es el drama?
Ahora, xq la app lo asigna a un boludo con bici o moto?","siempre el mismo drama, vos podés pedir 30 bolsas de cemento, si te deja la app cual es el drama?
ahora, xq la app lo asigna a un boludo con bici o moto?",Negativo
"""Un par de botellas nomas, dale que las estamos esperando""
Decime que sos un negro turro y villero sin decirme que sos un negro turro y villero","""un par de botellas nomas, dale que las estamos esperando""
decime que sos un negro turro y villero sin decirme que sos un negro turro y villero",Negativo
Lo que esta realmente mal de esto es que tomen fernet con Pepsi en vez de coca,lo que esta realmente mal de esto es que tomen fernet con pepsi en vez de coca,Neutro
“invita por lo menos”,“invita por lo menos”,Neutro
Cuando es un pedido así el repartidor le pide a soporte que lo divida y lo llevan entre 2 o 3 personas. O el pibe es nuevo y no lo sabe o no es de pedidos ya.,cuando es un pedido así el repartidor le pide a soporte que lo divida y lo llevan entre 2 o 3 personas. o el pibe es nuevo y no lo sabe o no es de pedidos ya.,Neutro
"Fuera de bromas, deberían habilitar un precio más alto para estos casos. Para mí es un error de la app, que querés que te diga :b","fuera de bromas, deberían habilitar un precio más alto para estos casos. para mí es un error de la app, que querés que te diga :b",Positivo
El típo o es un marrón o un chetitio acomodado no hay punto medio,el típo o es un marrón o un chetitio acomodado no hay punto medio,Neutro
"Que se pongan a laburar los venecos , para que mierda toman el pedido si no van a poder traer bajo la lluvia mis pedidos??? , mientras tanto yo sigo tirado en el sillón eligiendo el mejor video para una tota","que se pongan a laburar los venecos , para que mierda toman el pedido si no van a poder traer bajo la lluvia mis pedidos??? , mientras tanto yo sigo tirado en el sillón eligiendo el mejor video para una tota",Negativo
"Que poronga que el sistema te deja pedir tantas cosas, deja mal parado al repartidor que no tiene forma de cumplir y el que pide un sobrado hijo de puta.","que poronga que el sistema te deja pedir tantas cosas, deja mal parado al repartidor que no tiene forma de cumplir y el que pide un sobrado hijo de puta.",Neutro
"Si no te gusta el laburo déjalo papi, o anda a vender tu culo","si no te gusta el laburo déjalo papi, o anda a vender tu culo",Neutro
El crímen es usar Pepsi y no Coca como una persona normal.,el crímen es usar pepsi y no coca como una persona normal.,Positivo
"Si no le gusta el trabajo que lo cambie el problema no es del cliente 
Por algo lo dejaron hacer la compra si la aplicación no controla eso no es problema del cliente","si no le gusta el trabajo que lo cambie el problema no es del cliente 
por algo lo dejaron hacer la compra si la aplicación no controla eso no es problema del cliente",Neutro
que clase de trolazo toma fernet con pepsi??,que clase de trolazo toma fernet con pepsi??,Neutro
Franco queriendo tomar sus fernets:,franco queriendo tomar sus fernets:,Neutro
"Que aplicación nefasta que permite pedir algo así, y el que pide esa cantidad es un boludo tremendo.","que aplicación nefasta que permite pedir algo así, y el que pide esa cantidad es un boludo tremendo.",Negativo
Loco pero si en uber y pedidos ya puedes pedir ayuda a mas repartidores mal por el repartidor por no saber,loco pero si en uber y pedidos ya puedes pedir ayuda a mas repartidores mal por el repartidor por no saber,Neutro
"""Inivita por lo menos""","""inivita por lo menos""",Neutro
JAJAJAAJ el tipo estaba sediento de la peligrosa,jajajaaj el tipo estaba sediento de la peligrosa,Neutro
"No solo Pepsi, Pepsi Black!
Eso ya es motivo para no llevarle nada.","no solo pepsi, pepsi black!
eso ya es motivo para no llevarle nada.",Negativo
"No entiendo porque las apps no ponen máximo de unidades por repartidor o te dejen ver el pedido antes de aceptar el reparto como uber Qsyo. 

Porque bien que para las promos hay un máximo de unidades por usuario.

Igual tenés que ser muy termo para pedir esa cantidad por app","no entiendo porque las apps no ponen máximo de unidades por repartidor o te dejen ver el pedido antes de aceptar el reparto como uber qsyo. 

porque bien que para las promos hay un máximo de unidades por usuario.

igual tenés que ser muy termo para pedir esa cantidad por app",Neutro
"Cuando puso: "" y por eso laburá!!! Dale"". Me hirvió pa sangre, cuánta gente de mierda dando vuelta","cuando puso: "" y por eso laburá!!! dale"". me hirvió pa sangre, cuánta gente de mierda dando vuelta",Negativo
"""invita por lo menos""","""invita por lo menos""",Neutro
"Franco es mas argentino que un argentino, haz lo que yo digo no lo que yo hago, ni hay que pedirle documento","franco es mas argentino que un argentino, haz lo que yo digo no lo que yo hago, ni hay que pedirle documento",Neutro
Que se joda por haber votado a Milei. Es el libre mercado que defiende.,que se joda por haber votado a milei. es el libre mercado que defiende.,Neutro
"Jajajajaja directamente que no se lo lleve y listo, que la chupe","jajajajaja directamente que no se lo lleve y listo, que la chupe",Neutro
"Cómo vas a tomar fernet con Pepsi?
Encima Pepsi black","cómo vas a tomar fernet con pepsi?
encima pepsi black",Negativo
Pero el delivery no puede ver antes las condiciones? Si no le sirve la zona o lo que tiene que llevar qué pasa? En Uber el conductor ve de dónde a dónde tiene que ir y decide si acepta o no el viaje.,pero el delivery no puede ver antes las condiciones? si no le sirve la zona o lo que tiene que llevar qué pasa? en uber el conductor ve de dónde a dónde tiene que ir y decide si acepta o no el viaje.,Neutro
Franco quería llenar de escabio la previa para que desp las minas se vayan del boliche con los locos q pueden ir a comprar en auto,franco quería llenar de escabio la previa para que desp las minas se vayan del boliche con los locos q pueden ir a comprar en auto,Neutro
Como se puso la gorra!!!,como se puso la gorra!!!,Neutro
Se toma Fernet con Pepsi como toda persona de bien... Se arma para este finde!! Voy a pedir!!,se toma fernet con pepsi como toda persona de bien... se arma para este finde!! voy a pedir!!,Neutro
"Un hijo de re mil puta por mezclar fernet con Pepsi black, lo de ser un sorete por pedir esa cantidad después lo discutimos","un hijo de re mil puta por mezclar fernet con pepsi black, lo de ser un sorete por pedir esa cantidad después lo discutimos",Negativo
Que se lo cancele por q solo un hijo de puta toma un fernet con Pepsi,que se lo cancele por q solo un hijo de puta toma un fernet con pepsi,Neutro
"Pero la culpa es de la app. Si hacés ese pedido, la app tiene que tener un medidor de peso y filtrar solo repartidores en auto. No es muy difícil. En todo caso saldrá más el envío.","pero la culpa es de la app. si hacés ese pedido, la app tiene que tener un medidor de peso y filtrar solo repartidores en auto. no es muy difícil. en todo caso saldrá más el envío.",Neutro
"Cuando laburaba en la vieja app ""Glovo"", me han tocado pedidos de este estilo. La solución era sencilla: hablabas con soporte y le decías que estabas en bici y que era imposible llevar tanto peso. De hecho (al menos en Glovo), había un límite de peso según el vehículo.","cuando laburaba en la vieja app ""glovo"", me han tocado pedidos de este estilo. la solución era sencilla: hablabas con soporte y le decías que estabas en bici y que era imposible llevar tanto peso. de hecho (al menos en glovo), había un límite de peso según el vehículo.",Negativo
Por un lado banco al comprador porque el negoció debería poner un límite de compra antes de la compra si solo tienen una bici.. Pero por el otro lado no lo banco porque quien carajo toma fernet con Pepsi y encima sin azúcar? Ojalá no le manden nada,por un lado banco al comprador porque el negoció debería poner un límite de compra antes de la compra si solo tienen una bici.. pero por el otro lado no lo banco porque quien carajo toma fernet con pepsi y encima sin azúcar? ojalá no le manden nada,Neutro
Pedidos ya deberia limitar la cantidad de productos por pedido como hace mercado libre (que usa AUTO Y CAMIONETAS) no podes llevar 60 botellas en moto/bici no existe,pedidos ya deberia limitar la cantidad de productos por pedido como hace mercado libre (que usa auto y camionetas) no podes llevar 60 botellas en moto/bici no existe,Neutro
"Está clase de pelotudos se envalentonaron desde que existe el sorete de Milei como presidente ""Y por eso laburá""
Anda a cagar vos flaco, salí a comprar esas 30 botellas de Fernet hijo de puta a ver cómo las llevas","está clase de pelotudos se envalentonaron desde que existe el sorete de milei como presidente ""y por eso laburá""
anda a cagar vos flaco, salí a comprar esas 30 botellas de fernet hijo de puta a ver cómo las llevas",Negativo
"fernet y pepsi? mamita estos porteños, salen con cada una","fernet y pepsi? mamita estos porteños, salen con cada una",Neutro
El chad que compro el fernet con la pepsi black la tiene clara,el chad que compro el fernet con la pepsi black la tiene clara,Negativo
El delivery un boludo. En la app denuncias que el pedido es muy grande y lo compartis con otro,el delivery un boludo. en la app denuncias que el pedido es muy grande y lo compartis con otro,Negativo
no tengo dudas que este Chad banca la Pepsi Black con Fernet,no tengo dudas que este chad banca la pepsi black con fernet,Negativo
"Son 30 fernet que seguro son los de 750ml son 22.5 kilos mas pepsi black capaz que la de 1.5l que son 45 kilos en total 67 kilos y medio, un hdp el tipo se cree que el pibe es un camion","son 30 fernet que seguro son los de 750ml son 22.5 kilos mas pepsi black capaz que la de 1.5l que son 45 kilos en total 67 kilos y medio, un hdp el tipo se cree que el pibe es un camion",Negativo
"Yo tengo un triciclo.. Les llego el fernet con la pepsi, eh!! pero cobro un poco más..","yo tengo un triciclo.. les llego el fernet con la pepsi, eh!! pero cobro un poco más..",Neutro
"Che y que paso,  lo invitaron por lo menos? Ahre chusma jajaja","che y que paso,  lo invitaron por lo menos? ahre chusma jajaja",Neutro
Ya te das cuenta que es un enfermo mental cuando ves que al Fernet le pone Pepsi.,ya te das cuenta que es un enfermo mental cuando ves que al fernet le pone pepsi.,Negativo
"Deberían pulir más el algoritmo a la hora de asignación. Está perfecto que le dé el pedido al que tenga menos tiempo de viaje, pero luego debería emparejarse contra el que está en bici o moto. Aunque los que marcaron como moto, hoy capaz no la tienen. Detalles operativos.","deberían pulir más el algoritmo a la hora de asignación. está perfecto que le dé el pedido al que tenga menos tiempo de viaje, pero luego debería emparejarse contra el que está en bici o moto. aunque los que marcaron como moto, hoy capaz no la tienen. detalles operativos.",Neutro
Deberia hacer lo mismo!!!,deberia hacer lo mismo!!!,Neutro
Se nota que es mentira porque nadie en su sano juicio toma Fernet con Pepsi black.,se nota que es mentira porque nadie en su sano juicio toma fernet con pepsi black.,Negativo
Tenes que ser un enfermo para hacer eso!!! Como vas a tomar fernet con Pepsi??,tenes que ser un enfermo para hacer eso!!! como vas a tomar fernet con pepsi??,Neutro
"Que vaya a un supermercado a comprar eso, que hace comprando por pedidosya?","que vaya a un supermercado a comprar eso, que hace comprando por pedidosya?",Neutro
Qué mogólica es la gente eh.,qué mogólica es la gente eh.,Neutro
"""invita por lo menos"" JAJAJAJSJAJS q idolo el  repartidor","""invita por lo menos"" jajajajsjajs q idolo el  repartidor",Positivo
Como se puso la gorra!!,como se puso la gorra!!,Neutro
"Ese pedido lo hizo un soldadito narco, yo hubiese ido con el pedido y con la brigada antidrogas.","ese pedido lo hizo un soldadito narco, yo hubiese ido con el pedido y con la brigada antidrogas.",Neutro
"Bien hecho por pelotudo, como vas a tomar el fernet con Pessi?","bien hecho por pelotudo, como vas a tomar el fernet con pessi?",Negativo
Ya se las llevo y le pido un par de propina!,ya se las llevo y le pido un par de propina!,Neutro
La próxima que invite al repartidor con un fernet con pepsi black y se sume a la joda. Todo sea por un aperitivo!!,la próxima que invite al repartidor con un fernet con pepsi black y se sume a la joda. todo sea por un aperitivo!!,Negativo
para arrancar no pedir Pepsi black para el Fernet,para arrancar no pedir pepsi black para el fernet,Negativo
"El error está en que pedidos ya 
@pedidosya
 en éste caso; permita un pedido de esa indole, ENCIMA se lo adjudique a un repartidor en bici... un limite te pido","el error está en que pedidos ya 

 en éste caso; permita un pedido de esa indole, encima se lo adjudique a un repartidor en bici... un limite te pido",Neutro
"Hay un marrón en esta conversación, cuando están como cliente se nota muchísimo más, por q son los únicos que se pelean por algo sin sentido","hay un marrón en esta conversación, cuando están como cliente se nota muchísimo más, por q son los únicos que se pelean por algo sin sentido",Neutro
Una buena trompadas al mogolico y de paso meterle las 30 pepsis en el orto,una buena trompadas al mogolico y de paso meterle las 30 pepsis en el orto,Neutro
"Que le hicieron a mí país!!! Carne del amigo de Shrek y Fernet con ""Pepsi black"". Que cambios de mierda que votan!!!","que le hicieron a mí país!!! carne del amigo de shrek y fernet con ""pepsi black"". que cambios de mierda que votan!!!",Negativo
te debe de dar unas ganas de agarrarte un fernet,te debe de dar unas ganas de agarrarte un fernet,Neutro
Cómo vas a tomar Fernet con Pepsi Black.. hijo de remil puta,cómo vas a tomar fernet con pepsi black.. hijo de remil puta,Negativo
"quién pide eso por aplicación? vayan al super, conecten con la REALIDAD por favor","quién pide eso por aplicación? vayan al super, conecten con la realidad por favor",Positivo
"No se como se manejará Rappi, pero Pedidos Ya! cuando el pedido es muy grande o muy caro automaticamente te lo divide. Y si no, siempre podes pedir que te asignen otro repartidor","no se como se manejará rappi, pero pedidos ya! cuando el pedido es muy grande o muy caro automaticamente te lo divide. y si no, siempre podes pedir que te asignen otro repartidor",Positivo
"Sabes cuál es el problema? Que el pibe agarró el pedido, la misma app te avisa de antemano qué vas a llevar y a dónde. Mambo suyo, que se coma la correspondiente sanción","sabes cuál es el problema? que el pibe agarró el pedido, la misma app te avisa de antemano qué vas a llevar y a dónde. mambo suyo, que se coma la correspondiente sanción",Negativo
"No es la culpa del que pide, es la aplicación que da ese pedido  a un muchacho en bici y supongo que el muchacho que acepto el viaje también puede cancelarlo y que lo haga otro.","no es la culpa del que pide, es la aplicación que da ese pedido  a un muchacho en bici y supongo que el muchacho que acepto el viaje también puede cancelarlo y que lo haga otro.",Neutro
El problema es que lo haya pedido con Pepsi black,el problema es que lo haya pedido con pepsi black,Negativo
Ajajaja se lo tendria que haber quedado el repartidor y que siga esperando .,ajajaja se lo tendria que haber quedado el repartidor y que siga esperando .,Neutro
"Que gente HDP que hay en este mundo.
La app también debería decir la ubicación del local al que estás pidiendo.
Me pasó q pedí helado xq hay un local a 7 cuadras y me lo mandaron de uno a 30 cuadras, me dió vergüenza no pido más","que gente hdp que hay en este mundo.
la app también debería decir la ubicación del local al que estás pidiendo.
me pasó q pedí helado xq hay un local a 7 cuadras y me lo mandaron de uno a 30 cuadras, me dió vergüenza no pido más",Negativo
Nunca voy a entender porque la app no asigna a mas de un repartidor volumenes grandes.,nunca voy a entender porque la app no asigna a mas de un repartidor volumenes grandes.,Positivo
“Dale que los estamos esperando”  le dice el hdp.,“dale que los estamos esperando”  le dice el hdp.,Negativo
No podes ser tan pero tan MARICA para pedir Pepsi en vez de Coca Cola.,no podes ser tan pero tan marica para pedir pepsi en vez de coca cola.,Neutro
"Yo se los llevo pero sabes como me quedo ahí.. Un fernet con la black no se le puede decir que no.. Si dan propina, la gasto para la picada","yo se los llevo pero sabes como me quedo ahí.. un fernet con la black no se le puede decir que no.. si dan propina, la gasto para la picada",Negativo
"No juzgo, yo también amo el fernet con pepsi black","no juzgo, yo también amo el fernet con pepsi black",Positivo
Como le vas a pedir 60 botellas en total????,como le vas a pedir 60 botellas en total????,Neutro
No se lo lleves por pedir PEPSI BLACK. Si vas a pedir Pepsi para el fernet al menos que sea comun hijo de re mil puta,no se lo lleves por pedir pepsi black. si vas a pedir pepsi para el fernet al menos que sea comun hijo de re mil puta,Negativo
Las personas que dicen que se la lleve como carajo llevas 30 Pepsis y30 fernet en bici? Es joda? Tenes que llevar un tráiler atrás,las personas que dicen que se la lleve como carajo llevas 30 pepsis y30 fernet en bici? es joda? tenes que llevar un tráiler atrás,Neutro
de todas formas el rider tiene la opción de reasignar el pedido y no hacerlo (la app lo permite) o de pedir que venga otro repartidor y hacer el pedido a medias en dos entregar,de todas formas el rider tiene la opción de reasignar el pedido y no hacerlo (la app lo permite) o de pedir que venga otro repartidor y hacer el pedido a medias en dos entregar,Neutro
"Es obvio que el chat es falso! Quien va a ser el palermitano que prepare un fernet con PEPSI! 
Si se quieren hacer virales, por lo menos hagan las cosas creíbles!","es obvio que el chat es falso! quien va a ser el palermitano que prepare un fernet con pepsi! 
si se quieren hacer virales, por lo menos hagan las cosas creíbles!",Neutro
Fernet con Pepsi. Encima Pepsi black!,fernet con pepsi. encima pepsi black!,Negativo
Fernet con PEPSI BLACK no sos nadie para andar apurando a un peya,fernet con pepsi black no sos nadie para andar apurando a un peya,Negativo
"El repartidor llora al pedo, puede pedirle a soporte que sea compartido y lo entregue con un compañero al pedido o directamente reasignarlo","el repartidor llora al pedo, puede pedirle a soporte que sea compartido y lo entregue con un compañero al pedido o directamente reasignarlo",Neutro
Ya que la pida con Pepsi es una banda,ya que la pida con pepsi es una banda,Neutro
Mira como le escribe. Un hijo de puta.,mira como le escribe. un hijo de puta.,Neutro
El repartidor sacó de la galera la invitación para poder tomarse un fernet con la black. Un capo!!,el repartidor sacó de la galera la invitación para poder tomarse un fernet con la black. un capo!!,Positivo
Hay que matar a los ricos.,hay que matar a los ricos.,Neutro
"Si pide Pepsi, ahí te das cuenta que es un idiota","si pide pepsi, ahí te das cuenta que es un idiota",Neutro
"El repartidor puede pedir a soporte que le manden 2-3 cadetes para llevar el mismo pedido, a todos le pagan por igual","el repartidor puede pedir a soporte que le manden 2-3 cadetes para llevar el mismo pedido, a todos le pagan por igual",Neutro
Ajaajajajajajajaj me mata el “invita por lo menos”,ajaajajajajajajaj me mata el “invita por lo menos”,Neutro
"Debe ser argentino por lo vago, si era venezolano los trae haciendo malabares y tirando fuego por la boca","debe ser argentino por lo vago, si era venezolano los trae haciendo malabares y tirando fuego por la boca",Neutro
"Igual acá hay un error de la App, que debería incluir volumen y peso en el algoritmo teniendo en cuenta el vehículo del rappi, si tiene auto genial, pero vas apagar mas, si solo hay bicis o motos se cancela el pedido","igual acá hay un error de la app, que debería incluir volumen y peso en el algoritmo teniendo en cuenta el vehículo del rappi, si tiene auto genial, pero vas apagar mas, si solo hay bicis o motos se cancela el pedido",Neutro
"@pedidosya
 arreglen la app ... Tiene una bici, no una f150","arreglen la app ... tiene una bici, no una f150",Neutro
"La bocha sería que le cobre, le lleve las 30 pepsi y cuando esté ahi le diga ""si ahora queres los ferné pagá el otro viaje, no soy un flete""","la bocha sería que le cobre, le lleve las 30 pepsi y cuando esté ahi le diga ""si ahora queres los ferné pagá el otro viaje, no soy un flete""",Neutro
Lo incorrecto y hasta criminal de todo esto es que haya pedido pepsi black!!,lo incorrecto y hasta criminal de todo esto es que haya pedido pepsi black!!,Negativo
Poco se habla de que el tipo sabe tomar bien los fernets,poco se habla de que el tipo sabe tomar bien los fernets,Neutro
Pepsi black? Porteñizaron el fernet mamita querida,pepsi black? porteñizaron el fernet mamita querida,Negativo
"Pepsi común si, Black nose che","pepsi común si, black nose che",Negativo
Como vas a tomar el fernet con pepsi black terrorista,como vas a tomar el fernet con pepsi black terrorista,Negativo
"fernet con pepsi black, nos merecemos quedar afuera con Argelia","fernet con pepsi black, nos merecemos quedar afuera con argelia",Negativo
"Ahi falla la app, se debería derivar ese pedido a un auto","ahi falla la app, se debería derivar ese pedido a un auto",Neutro
Como vas a ponerle pepsi black al fernet,como vas a ponerle pepsi black al fernet,Negativo
"Esto se soluciona con el bici man vaya y vuelva 4 veces, se le da 70k de propina y se lo invita a tomar fernet jajajajaja","esto se soluciona con el bici man vaya y vuelva 4 veces, se le da 70k de propina y se lo invita a tomar fernet jajajajaja",Neutro
Yo le hubiese contestado: No te las llevo un carajo pq los putos toman Fernet con Pepsi BLACK!!,yo le hubiese contestado: no te las llevo un carajo pq los putos toman fernet con pepsi black!!,Negativo
para arrancar no tomar fernet con pepsi,para arrancar no tomar fernet con pepsi,Neutro
El problema es de la aplicación que te deja pedir tanto,el problema es de la aplicación que te deja pedir tanto,Neutro
la app es una mierda que deja que los clientes pidan 5000000 botellas,la app es una mierda que deja que los clientes pidan 5000000 botellas,Negativo
"Merece ir preso,como vas a tomar fernet con Pepsi hijo de mil putas","merece ir preso,como vas a tomar fernet con pepsi hijo de mil putas",Neutro
"Igual eso no es pedidos ya,,,es Rappi","igual eso no es pedidos ya,,,es rappi",Neutro
Ya de movida va a tomar Fernet con Pepsi...  Es un forro,ya de movida va a tomar fernet con pepsi...  es un forro,Negativo
"Como que fernet y pepsi, estamos en el mundo del revés Maria Elena Walsh?","como que fernet y pepsi, estamos en el mundo del revés maria elena walsh?",Positivo
"Con tal de tomarte un fernet con pepsi, sabes como te llevo todo.. Hasta en monopatín!!","con tal de tomarte un fernet con pepsi, sabes como te llevo todo.. hasta en monopatín!!",Neutro
Ahora el cliente tiene que solucionar esos problemas? Dejate de joder,ahora el cliente tiene que solucionar esos problemas? dejate de joder,Neutro
"Está armado, ya habían hecho el mismo con un pack de botellas de agua","está armado, ya habían hecho el mismo con un pack de botellas de agua",Neutro
"No debe ser pedidos ya eso, pq no podés hablar con el cliente hasta marcar ""retirado"", debe ser rappi","no debe ser pedidos ya eso, pq no podés hablar con el cliente hasta marcar ""retirado"", debe ser rappi",Neutro
"banco al repartidor, no es fletero. La app debería prever eso.","banco al repartidor, no es fletero. la app debería prever eso.",Neutro
"No hay que llevárselo pero por hijo de mil puta que toma fernet con Pepsi black , forro hijo de puta","no hay que llevárselo pero por hijo de mil puta que toma fernet con pepsi black , forro hijo de puta",Negativo
"A mi me gusta que la gente labure pero eso es abuso.

Lo banco al laburante","a mi me gusta que la gente labure pero eso es abuso.

lo banco al laburante",Neutro
Pepsi black?? No podes,pepsi black?? no podes,Negativo
Yo no puedo creer que exista gente así. Cómo vas a tomar fernet con Pepsi?,yo no puedo creer que exista gente así. cómo vas a tomar fernet con pepsi?,Neutro
Y qué pasó después? Lo entregó? Lo canceló? No nos dejes a medias,y qué pasó después? lo entregó? lo canceló? no nos dejes a medias,Neutro
Que sorete es la gente por dios. No queda otra que empezar a educar a los poco empáticos a los bifes,que sorete es la gente por dios. no queda otra que empezar a educar a los poco empáticos a los bifes,Neutro
La app claramente es una cagada si le deriva un pedido asi a un cadete registrado en bici. Defecto de la app que debería derivarlo unicamente a alguno con auto.,la app claramente es una cagada si le deriva un pedido asi a un cadete registrado en bici. defecto de la app que debería derivarlo unicamente a alguno con auto.,Neutro
"Uno que no quiere laburar, el otro que toma fernet con pepsi, bala para los dos","uno que no quiere laburar, el otro que toma fernet con pepsi, bala para los dos",Neutro
Poca voluntad del repartidor en ves de escribir para hacer renegar al comprador escribile  y avísale que le vas a llevar el pedido en dos veces y listo,poca voluntad del repartidor en ves de escribir para hacer renegar al comprador escribile  y avísale que le vas a llevar el pedido en dos veces y listo,Neutro
Imaginate tomar fernet con PEPSI BLACK,imaginate tomar fernet con pepsi black,Negativo
Estamos en otra época ahora viene el fernet con la pepsi,estamos en otra época ahora viene el fernet con la pepsi,Positivo
"eso es rappi, no es pedidosya, ni para dar información saben los downs","eso es rappi, no es pedidosya, ni para dar información saben los downs",Neutro
"encima piolaso el de pedidosya, la gente es imbécil.","encima piolaso el de pedidosya, la gente es imbécil.",Neutro
"No entiendo esto, osea si está la opción de q se repartan varios deliveries, yo he hecho compras muy grandes q han venido hasta 5 repartidores, acaso esta opción no está habilitada? Hablo desde mi experiencia de usuario en rosario","no entiendo esto, osea si está la opción de q se repartan varios deliveries, yo he hecho compras muy grandes q han venido hasta 5 repartidores, acaso esta opción no está habilitada? hablo desde mi experiencia de usuario en rosario",Positivo
